Function,fun_type,description,comment,example
"whisper_transcribe","scalar","Transcribes speech from an audio file path (VARCHAR) or from audio bytes (BLOB) and returns the full text. The optional model overrides the whisper_model setting.","","SELECT whisper_transcribe('audio.wav', 'tiny.en');"
"whisper_translate","scalar","Translates speech in any supported language from an audio file path (VARCHAR) or from audio bytes (BLOB) into English text. Requires a multilingual (non-.en) model.","","SELECT whisper_translate('german_speech.mp3', 'small');"
"whisper_transcribe_segments","table","Transcribes an audio file path (VARCHAR) or audio bytes (BLOB) into timestamped segments: segment_id, start_time, end_time, text, confidence and language. Optional arguments override the model and language settings; translate = true translates the speech to English.","","SELECT start_time, end_time, text FROM whisper_transcribe_segments('audio.wav', 'tiny.en');"
"whisper_list_models","table","Lists all supported Whisper models with their download status: name, is_downloaded, file_size, file_path and description.","","SELECT * FROM whisper_list_models() WHERE is_downloaded;"
"whisper_download_model","scalar","Downloads a Whisper model into the whisper_model_path directory and returns a status message. Does nothing if the model is already downloaded.","","SELECT whisper_download_model('tiny.en');"
"whisper_model_info","table","Returns one row describing the currently configured model: current_model, model_path, is_downloaded, file_size, language and threads.","","SELECT * FROM whisper_model_info();"
"whisper_list_devices","table","Lists the available audio input devices (device_id, device_name). Use a device_id with the recording functions or the whisper_device_id setting.","","SELECT * FROM whisper_list_devices();"
"whisper_record","scalar","Records audio from the microphone for a fixed number of seconds and returns the transcribed text. Optional arguments override the model and input device.","","SELECT whisper_record(5, 'tiny.en');"
"whisper_record_auto","scalar","Records audio from the microphone until silence_seconds of silence are detected or max_seconds is reached, then returns the transcribed text. Omitted arguments fall back to the whisper_silence_duration, whisper_model and whisper_silence_threshold settings.","","SELECT whisper_record_auto(30, 2.0, 'tiny.en');"
"whisper_record_translate","scalar","Records audio from the microphone for a fixed number of seconds and returns the speech translated to English. Requires a multilingual (non-.en) model.","","SELECT whisper_record_translate(5, 'small');"
"whisper_mic_level","scalar","Samples the microphone for a few seconds and reports the peak and RMS amplitude with a suggested whisper_silence_threshold value.","","SELECT whisper_mic_level(3);"
"whisper_voice_to_sql","scalar","Records a spoken question from the microphone and returns the SQL generated by the text-to-SQL proxy at whisper_text_to_sql_url, without executing it.","Requires text-to-sql-proxy","SELECT whisper_voice_to_sql();"
"whisper_voice_query","table","Records a spoken question from the microphone, converts it to SQL via the text-to-SQL proxy at whisper_text_to_sql_url, executes the query and returns its result.","Requires text-to-sql-proxy","SELECT * FROM whisper_voice_query();"
"whisper_voice_query_with_sql","table","Like whisper_voice_query, but prepends _generated_sql and _transcription columns to the query result.","Requires text-to-sql-proxy","SELECT * FROM whisper_voice_query_with_sql();"
"whisper_version","scalar","Returns the whisper extension version and the bundled whisper.cpp version.","","SELECT whisper_version();"
"whisper_check_audio","scalar","Checks whether an audio file can be opened and decoded by FFmpeg. Returns 'OK' on success, or 'Error: <reason>' otherwise.","","SELECT whisper_check_audio('audio.wav');"
"whisper_audio_info","table","Returns one row of audio file metadata: file_path, duration_seconds, sample_rate, channels, format and file_size.","","SELECT * FROM whisper_audio_info('audio.wav');"
"whisper_get_config","scalar","Returns all effective whisper settings as a comma-separated key=value string.","","SELECT whisper_get_config();"
"whisper_get_device_id","scalar","Returns the current whisper_device_id setting (-1 means the default device).","","SELECT whisper_get_device_id();"
"whisper_get_max_duration","scalar","Returns the current whisper_max_duration setting in seconds.","","SELECT whisper_get_max_duration();"
"whisper_get_silence_duration","scalar","Returns the current whisper_silence_duration setting in seconds.","","SELECT whisper_get_silence_duration();"
"whisper_get_silence_threshold","scalar","Returns the current whisper_silence_threshold setting (RMS amplitude).","","SELECT whisper_get_silence_threshold();"
"whisper_get_text_to_sql_url","scalar","Returns the current whisper_text_to_sql_url setting (the text-to-SQL proxy URL).","","SELECT whisper_get_text_to_sql_url();"
"whisper_get_text_to_sql_timeout","scalar","Returns the current whisper_text_to_sql_timeout setting in seconds.","","SELECT whisper_get_text_to_sql_timeout();"
"whisper_get_voice_query_show_sql","scalar","Returns the current whisper_voice_query_show_sql setting.","","SELECT whisper_get_voice_query_show_sql();"
